device,total_memory,average_time
cpu,1123.6209449768066,2.338723826408386
cuda,1123.6209449768066,0.2987567186355591
