device,total_memory,average_time
cpu,2842.670711517334,4.882777357101441
cuda,2842.670711517334,0.23807532787323
